{"cameraMode":{"drawMode":0,"name":"Shaded","section":"Shading Mode"},"sceneLighting":false,"audioPlay":false,"sceneViewState":{"m_AlwaysRefresh":false,"showFog":true,"showSkybox":false,"showFlares":true,"showImageEffects":true,"showParticleSystems":true,"showVisualEffectGraphs":true,"m_FxEnabled":false},"in2DMode":false,"pivot":{"x":45.3513298034668,"y":2.0653979778289797,"z":0.042487598955631259},"rotation":{"x":0.10898394882678986,"y":0.07687613368034363,"z":-0.008265736512839795,"w":0.9911794066429138},"size":0.6462277173995972,"orthographic":false}