{"cameraMode":{"drawMode":0,"name":"Shaded","section":"Shading Mode"},"sceneLighting":false,"audioPlay":false,"sceneViewState":{"m_AlwaysRefresh":false,"showFog":true,"showSkybox":false,"showFlares":true,"showImageEffects":true,"showParticleSystems":true,"showVisualEffectGraphs":true,"m_FxEnabled":true},"in2DMode":false,"pivot":{"x":0.9937295913696289,"y":0.13463500142097474,"z":-1.460930347442627},"rotation":{"x":-0.12408844381570816,"y":-0.17116478085517884,"z":0.021725408732891084,"w":-0.9771697521209717},"size":1.7051317691802979,"orthographic":false}