{"cameraMode":{"drawMode":0,"name":"Shaded","section":"Shading Mode"},"sceneLighting":false,"audioPlay":false,"sceneViewState":{"m_AlwaysRefresh":false,"showFog":true,"showSkybox":false,"showFlares":true,"showImageEffects":true,"showParticleSystems":true,"showVisualEffectGraphs":true,"m_FxEnabled":false},"in2DMode":false,"pivot":{"x":0.3508821725845337,"y":-0.5821517109870911,"z":-0.6367999911308289},"rotation":{"x":0.09881537407636643,"y":0.021789677441120149,"z":-0.002163892611861229,"w":0.9948738813400269},"size":0.8660253882408142,"orthographic":false}