{"cameraMode":{"drawMode":0,"name":"Shaded","section":"Shading Mode"},"sceneLighting":false,"audioPlay":false,"sceneViewState":{"m_AlwaysRefresh":false,"showFog":true,"showSkybox":false,"showFlares":true,"showImageEffects":true,"showParticleSystems":true,"showVisualEffectGraphs":true,"m_FxEnabled":false},"in2DMode":false,"pivot":{"x":-1.4027060270309449,"y":0.36152184009552,"z":-0.8603371977806091},"rotation":{"x":-0.0074824015609920029,"y":0.9875425696372986,"z":-0.04891376942396164,"w":-0.14985668659210206},"size":1.5080718994140626,"orthographic":false}