{"cameraMode":{"drawMode":0,"name":"Shaded","section":"Shading Mode"},"sceneLighting":true,"audioPlay":false,"sceneViewState":{"m_AlwaysRefresh":false,"showFog":true,"showSkybox":true,"showFlares":true,"showImageEffects":true,"showParticleSystems":true,"showVisualEffectGraphs":true,"m_FxEnabled":false},"in2DMode":false,"pivot":{"x":18.735597610473634,"y":-36.5218620300293,"z":186.7936553955078},"rotation":{"x":0.1018419936299324,"y":0.002372041344642639,"z":-0.0002661635517142713,"w":0.9950038194656372},"size":103.07764434814453,"orthographic":false}